GP21A,,,,
BookingReference,Created Date,Reference,Attendee Status,Attended
B898630,02/11/2020,A966475,Attending,
B899780,04/11/2020,A967625,Attending,
B900457,05/11/2020,A968302,Attending,
B900823,06/11/2020,A968668,Attending,
B900865,06/11/2020,A968710,Attending,
B900938,06/11/2020,A968783,Attending,
B900950,06/11/2020,A968795,Attending,
B900967,06/11/2020,A968812,Attending,
B901880,09/11/2020,A969725,Attending,
B907469,19/11/2020,A975319,Attending,
B911379,29/11/2020,A979232,Attending,
B911975,01/12/2020,A979830,Attending,
B911979,01/12/2020,A979834,Attending,
B911995,01/12/2020,A979850,Attending,
B912087,01/12/2020,A979942,Attending,
B912346,02/12/2020,A980201,Attending,
B913562,07/12/2020,A981423,Attending,
B915167,15/12/2020,A983029,Attending,
B916184,29/12/2020,A984046,Attending,
B916184,29/12/2020,A984047,Attending,
B916560,04/01/2021,A984423,Attending,
B922878,14/01/2021,A990754,Attending,
B922880,14/01/2021,A990756,Attending,
B922884,14/01/2021,A990760,Attending,
B922886,14/01/2021,A990762,Attending,
B922896,14/01/2021,A990772,Attending,
B922931,14/01/2021,A990807,Attending,
B922948,14/01/2021,A990824,Attending,
B922977,14/01/2021,A990853,Attending,
B923013,14/01/2021,A990889,Attending,
B923093,14/01/2021,A990969,Attending,
B923220,14/01/2021,A991098,Attending,
B923301,14/01/2021,A991179,Attending,
B924222,15/01/2021,A992100,Attending,
B924303,15/01/2021,A992181,Attending,
B925007,18/01/2021,A992885,Attending,
B925045,18/01/2021,A992923,Attending,
B926117,19/01/2021,A994000,Attending,
B926161,19/01/2021,A994045,Attending,
B927468,21/01/2021,A995356,Attending,
B929759,25/01/2021,A997647,Attending,
B933737,30/01/2021,A1001642,Attending,
B934561,01/02/2021,A1002466,Attending,
B934573,01/02/2021,A1002478,Attending,
B934583,01/02/2021,A1002488,Attending,
B934603,01/02/2021,A1002508,Attending,
B934614,01/02/2021,A1002519,Attending,
B934743,01/02/2021,A1002648,Attending,
B934811,02/02/2021,A1002716,Attending,
B934813,02/02/2021,A1002718,Attending,
B934818,02/02/2021,A1002723,Attending,
B934852,02/02/2021,A1002757,Attending,
B934853,02/02/2021,A1002758,Attending,
B934861,02/02/2021,A1002766,Attending,
B934866,02/02/2021,A1002771,Attending,
B934873,02/02/2021,A1002778,Attending,
B934874,02/02/2021,A1002779,Attending,
B934891,02/02/2021,A1002796,Attending,
B935121,02/02/2021,A1003028,Attending,
B935156,02/02/2021,A1003063,Attending,
B935515,03/02/2021,A1003426,Attending,
B935547,03/02/2021,A1003458,Attending,
B935661,03/02/2021,A1003572,Attending,
B937747,07/02/2021,A1005669,Attending,
B937963,08/02/2021,A1005887,Attending,
B941240,15/02/2021,A1009174,Attending,
B941264,15/02/2021,A1009198,Attending,
B941270,15/02/2021,A1009204,Attending,
B941274,15/02/2021,A1009208,Attending,
B941303,15/02/2021,A1009237,Attending,
B941306,15/02/2021,A1009240,Attending,
B941389,15/02/2021,A1009323,Attending,
B941398,15/02/2021,A1009332,Attending,
B941399,15/02/2021,A1009333,Attending,
B941406,15/02/2021,A1009340,Attending,
B941421,15/02/2021,A1009355,Attending,
B941423,15/02/2021,A1009357,Attending,
B941430,15/02/2021,A1009364,Attending,
B941432,15/02/2021,A1009366,Attending,
B941485,15/02/2021,A1009419,Attending,
B941487,15/02/2021,A1009421,Attending,
B941491,15/02/2021,A1009425,Attending,
B941498,15/02/2021,A1009432,Attending,
B941514,15/02/2021,A1009448,Attending,
B941526,15/02/2021,A1009460,Attending,
B941554,15/02/2021,A1009488,Attending,
B941576,15/02/2021,A1009510,Attending,
B941609,15/02/2021,A1009543,Attending,
B941623,15/02/2021,A1009557,Attending,
B941639,15/02/2021,A1009573,Attending,
B941653,15/02/2021,A1009587,Attending,
B941670,15/02/2021,A1009604,Attending,
B942008,16/02/2021,A1009942,Attending,
B942052,16/02/2021,A1009986,Attending,
B942072,16/02/2021,A1010006,Attending,
B942078,16/02/2021,A1010012,Attending,
B942098,16/02/2021,A1010032,Attending,
B942294,16/02/2021,A1010228,Attending,
B942372,16/02/2021,A1010306,Attending,
B942634,16/02/2021,A1010570,Attending,
B942952,17/02/2021,A1010888,Attending,
B942982,17/02/2021,A1010918,Attending,
B943107,17/02/2021,A1011044,Attending,
B943295,17/02/2021,A1011234,Attending,
B943300,17/02/2021,A1011239,Attending,
B943680,18/02/2021,A1011621,Attending,
B943719,18/02/2021,A1011660,Attending,
B943722,18/02/2021,A1011663,Attending,
B943722,18/02/2021,A1011664,Attending,
B943746,18/02/2021,A1011688,Attending,
B943751,18/02/2021,A1011693,Attending,
B943763,18/02/2021,A1011705,Attending,
B943795,18/02/2021,A1011738,Attending,
B943803,18/02/2021,A1011746,Attending,
B944674,19/02/2021,A1012627,Attending,
B944713,19/02/2021,A1012666,Attending,
B944839,19/02/2021,A1012793,Attending,
B945319,20/02/2021,A1013274,Attending,
B945713,22/02/2021,A1013670,Attending,
B945719,22/02/2021,A1013676,Attending,
B945724,22/02/2021,A1013681,Attending,
B945731,22/02/2021,A1013688,Attending,
B945764,22/02/2021,A1013721,Attending,
B945790,22/02/2021,A1013748,Attending,
B945864,22/02/2021,A1013823,Attending,
B946203,22/02/2021,A1014165,Attending,
B946500,23/02/2021,A1014462,Attending,
B947263,24/02/2021,A1015228,Attending,
B949100,26/02/2021,A1017078,Attending,
B949763,01/03/2021,A1017742,Attending,
B949795,01/03/2021,A1017774,Attending,
B950096,01/03/2021,A1018075,Attending,
B950163,01/03/2021,A1018142,Attending,
B950581,02/03/2021,A1018560,Attending,
B950668,02/03/2021,A1018647,Attending,
B950668,02/03/2021,A1018648,Attending,
B950670,02/03/2021,A1018650,Attending,
B950671,02/03/2021,A1018651,Attending,
B950673,02/03/2021,A1018653,Attending,
B950674,02/03/2021,A1018654,Attending,
B950677,02/03/2021,A1018657,Attending,
B950684,02/03/2021,A1018664,Attending,
B950686,02/03/2021,A1018666,Attending,
B950694,02/03/2021,A1018674,Attending,
B950696,02/03/2021,A1018676,Attending,
B950700,02/03/2021,A1018680,Attending,
B950701,02/03/2021,A1018681,Cancelled,
B950706,02/03/2021,A1018686,Attending,
B950709,02/03/2021,A1018689,Attending,
B950711,02/03/2021,A1018691,Attending,
B950712,02/03/2021,A1018692,Attending,
B950715,02/03/2021,A1018695,Attending,
B950718,02/03/2021,A1018698,Attending,
B950719,02/03/2021,A1018699,Attending,
B950726,02/03/2021,A1018706,Attending,
B950730,02/03/2021,A1018710,Attending,
B950741,02/03/2021,A1018721,Attending,
B950746,02/03/2021,A1018726,Attending,
B950762,02/03/2021,A1018742,Attending,
B950780,02/03/2021,A1018760,Attending,
B950781,02/03/2021,A1018761,Attending,
B950792,02/03/2021,A1018772,Attending,
B950796,02/03/2021,A1018776,Attending,
B950796,02/03/2021,A1018777,Attending,
B950803,02/03/2021,A1018784,Attending,
B950810,02/03/2021,A1018791,Attending,
B950812,02/03/2021,A1018793,Attending,
B950814,02/03/2021,A1018795,Attending,
B950821,02/03/2021,A1018802,Attending,
B950822,02/03/2021,A1018803,Attending,
B950824,02/03/2021,A1018805,Attending,
B950825,02/03/2021,A1018806,Attending,
B950831,02/03/2021,A1018812,Attending,
B950835,02/03/2021,A1018816,Attending,
B950842,02/03/2021,A1018823,Attending,
B950848,02/03/2021,A1018829,Attending,
B950853,02/03/2021,A1018834,Attending,
B950856,02/03/2021,A1018837,Attending,
B950860,02/03/2021,A1018841,Attending,
B950864,02/03/2021,A1018845,Attending,
B950879,02/03/2021,A1018860,Attending,
B950914,02/03/2021,A1018896,Attending,
B950938,02/03/2021,A1018920,Attending,
B950939,02/03/2021,A1018921,Attending,
B950943,02/03/2021,A1018925,Attending,
B950981,02/03/2021,A1018965,Attending,
B951055,02/03/2021,A1019042,Attending,
B951062,02/03/2021,A1019049,Attending,
B951083,02/03/2021,A1019070,Attending,
B951096,02/03/2021,A1019083,Attending,
B951113,02/03/2021,A1019100,Attending,
B951316,03/03/2021,A1019303,Attending,
B951319,03/03/2021,A1019306,Attending,
B951324,03/03/2021,A1019311,Attending,
B951369,03/03/2021,A1019358,Attending,
B951392,03/03/2021,A1019381,Attending,
B951392,03/03/2021,A1019382,Attending,
B951408,03/03/2021,A1019398,Attending,
B951459,03/03/2021,A1019449,Attending,
B951460,03/03/2021,A1019450,Attending,
B951606,03/03/2021,A1019596,Attending,
B951704,03/03/2021,A1019699,Attending,
B951837,03/03/2021,A1019838,Attending,
B951895,03/03/2021,A1019898,Attending,
B951926,03/03/2021,A1019929,Attending,
B951947,03/03/2021,A1019950,Attending,
B952051,04/03/2021,A1020054,Attending,
B952118,04/03/2021,A1020123,Attending,
B952156,04/03/2021,A1020161,Attending,
B952170,04/03/2021,A1020175,Attending,
B952194,04/03/2021,A1020199,Attending,
B952210,04/03/2021,A1020215,Attending,
B952297,04/03/2021,A1020303,Attending,
B952299,04/03/2021,A1020305,Attending,
B952364,04/03/2021,A1020370,Attending,
B952391,04/03/2021,A1020397,Attending,
B952403,04/03/2021,A1020409,Attending,
B952579,04/03/2021,A1020585,Attending,
B952596,04/03/2021,A1020602,Attending,
B952632,04/03/2021,A1020638,Attending,
B952676,04/03/2021,A1020682,Attending,
B952677,04/03/2021,A1020683,Attending,
B952691,04/03/2021,A1020697,Attending,
B952695,04/03/2021,A1020701,Attending,
B952720,04/03/2021,A1020726,Attending,
B952846,04/03/2021,A1020852,Attending,
B952988,05/03/2021,A1020994,Attending,
B952994,05/03/2021,A1021000,Attending,
B953012,05/03/2021,A1021018,Attending,
B953013,05/03/2021,A1021019,Attending,
B953021,05/03/2021,A1021027,Attending,
B953024,05/03/2021,A1021030,Attending,
B953025,05/03/2021,A1021031,Attending,
B953026,05/03/2021,A1021032,Attending,
B953027,05/03/2021,A1021033,Attending,
B953041,05/03/2021,A1021048,Attending,
B953049,05/03/2021,A1021056,Attending,
B953080,05/03/2021,A1021087,Attending,
B953086,05/03/2021,A1021093,Attending,
B953094,05/03/2021,A1021101,Attending,
B953195,05/03/2021,A1021204,Attending,
B953205,05/03/2021,A1021214,Attending,
B953238,05/03/2021,A1021247,Attending,
B953238,05/03/2021,A1021248,Attending,
B953261,05/03/2021,A1021271,Attending,
B953269,05/03/2021,A1021279,Attending,
B953291,05/03/2021,A1021301,Attending,
B953325,05/03/2021,A1021335,Attending,
B953346,05/03/2021,A1021357,Attending,
B953353,05/03/2021,A1021364,Attending,
B953444,05/03/2021,A1021455,Attending,
B954048,08/03/2021,A1022065,Attending,
B954094,08/03/2021,A1022111,Attending,
B954122,08/03/2021,A1022139,Attending,
B954133,08/03/2021,A1022150,Attending,
B954229,08/03/2021,A1022248,Attending,
B954392,08/03/2021,A1022412,Attending,
B954398,08/03/2021,A1022418,Attending,
B954653,08/03/2021,A1022674,Attending,
B954783,09/03/2021,A1022804,Attending,
B954810,09/03/2021,A1022831,Attending,
B954821,09/03/2021,A1022842,Attending,
B954862,09/03/2021,A1022883,Attending,
B954863,09/03/2021,A1022884,Attending,
B954867,09/03/2021,A1022888,Attending,
B954880,09/03/2021,A1022901,Attending,
B954881,09/03/2021,A1022902,Attending,
B954882,09/03/2021,A1022903,Attending,
B954885,09/03/2021,A1022906,Attending,
B954893,09/03/2021,A1022914,Attending,
B954894,09/03/2021,A1022915,Attending,
B954900,09/03/2021,A1022921,Attending,
B954910,09/03/2021,A1022931,Attending,
B954911,09/03/2021,A1022932,Attending,
B954919,09/03/2021,A1022940,Attending,
B954927,09/03/2021,A1022948,Attending,
B954929,09/03/2021,A1022950,Attending,
B954957,09/03/2021,A1022978,Attending,
B954959,09/03/2021,A1022980,Attending,
B954964,09/03/2021,A1022985,Attending,
B955025,09/03/2021,A1023047,Attending,
B955065,09/03/2021,A1023087,Attending,
B955093,09/03/2021,A1023116,Attending,
B955429,10/03/2021,A1023455,Attending,
B955486,10/03/2021,A1023513,Attending,
B955552,10/03/2021,A1023579,Attending,
B955564,10/03/2021,A1023591,Attending,
B955589,10/03/2021,A1023617,Attending,
B955635,10/03/2021,A1023663,Attending,
B955683,10/03/2021,A1023711,Attending,
B955718,10/03/2021,A1023746,Attending,
B955726,10/03/2021,A1023754,Attending,
B955737,10/03/2021,A1023765,Attending,
B955764,10/03/2021,A1023792,Attending,
B955833,10/03/2021,A1023861,Attending,
B955838,10/03/2021,A1023866,Attending,
B955841,10/03/2021,A1023869,Attending,
B955849,10/03/2021,A1023877,Attending,
B955872,10/03/2021,A1023900,Attending,
B955902,10/03/2021,A1023930,Attending,
B955908,10/03/2021,A1023936,Attending,
B955975,10/03/2021,A1024003,Attending,
B955975,10/03/2021,A1024004,Attending,
B955993,10/03/2021,A1024022,Attending,
B956022,10/03/2021,A1024051,Attending,
B956050,10/03/2021,A1024079,Attending,
B956055,10/03/2021,A1024084,Attending,
B956072,10/03/2021,A1024101,Attending,
B956089,10/03/2021,A1024118,Attending,
B956090,10/03/2021,A1024119,Attending,
B956091,10/03/2021,A1024120,Attending,
B956116,10/03/2021,A1024146,Attending,
B956170,10/03/2021,A1024200,Attending,
B956174,10/03/2021,A1024204,Attending,
B956196,10/03/2021,A1024226,Attending,
B956203,10/03/2021,A1024233,Attending,
B956215,10/03/2021,A1024245,Attending,
B956249,10/03/2021,A1024279,Attending,
B956253,10/03/2021,A1024283,Attending,
B956276,10/03/2021,A1024306,Attending,
B956297,10/03/2021,A1024327,Attending,
B956303,10/03/2021,A1024333,Attending,
B956306,10/03/2021,A1024336,Attending,
B956312,10/03/2021,A1024342,Attending,
B956317,10/03/2021,A1024347,Attending,
B956407,10/03/2021,A1024437,Attending,
B956619,11/03/2021,A1024649,Attending,
B956632,11/03/2021,A1024662,Attending,
B956696,11/03/2021,A1024726,Attending,
B956749,11/03/2021,A1024780,Attending,
B956778,11/03/2021,A1024809,Attending,
B956829,11/03/2021,A1024860,Attending,
B956837,11/03/2021,A1024868,Attending,
B956857,11/03/2021,A1024888,Attending,
B957100,11/03/2021,A1025132,Attending,
B957338,12/03/2021,A1025370,Attending,
B957427,12/03/2021,A1025460,Attending,
B957446,12/03/2021,A1025479,Attending,
B957507,12/03/2021,A1025544,Attending,
B957605,12/03/2021,A1025642,Attending,
B957618,12/03/2021,A1025655,Attending,
B957724,12/03/2021,A1025762,Attending,
B957903,13/03/2021,A1025941,Attending,
B958401,15/03/2021,A1026441,Attending,
B958646,15/03/2021,A1026687,Attending,
B958673,15/03/2021,A1026714,Attending,
B958724,15/03/2021,A1026765,Attending,
B958827,15/03/2021,A1026869,Attending,
B958878,15/03/2021,A1026920,Attending,
B959404,16/03/2021,A1027462,Attending,
B959525,16/03/2021,A1027583,Attending,
B959579,16/03/2021,A1027637,Attending,
B959634,16/03/2021,A1027693,Attending,
B959774,17/03/2021,A1027834,Attending,
B959834,17/03/2021,A1027896,Attending,
B959850,17/03/2021,A1027914,Attending,
B959876,17/03/2021,A1027941,Attending,
B959946,17/03/2021,A1028011,Attending,
B960262,17/03/2021,A1028333,Attending,
B960632,18/03/2021,A1028709,Attending,
B960687,18/03/2021,A1028764,Attending,
B961135,19/03/2021,A1029218,Attending,
B961164,19/03/2021,A1029247,Attending,
B961168,19/03/2021,A1029251,Attending,
B961235,19/03/2021,A1029318,Attending,
B961329,19/03/2021,A1029412,Attending,
B961344,19/03/2021,A1029427,Attending,
B961356,19/03/2021,A1029439,Attending,
B961541,21/03/2021,A1029624,Attending,
B961738,22/03/2021,A1029822,Attending,
B961768,22/03/2021,A1029853,Attending,
B961777,22/03/2021,A1029862,Attending,
B961785,22/03/2021,A1029870,Attending,
B961803,22/03/2021,A1029888,Attending,
B961954,22/03/2021,A1030040,Attending,
B961966,22/03/2021,A1030052,Attending,
B962298,23/03/2021,A1030386,Attending,
B962306,23/03/2021,A1030394,Attending,
B962307,23/03/2021,A1030395,Attending,
B962312,23/03/2021,A1030400,Attending,
B962344,23/03/2021,A1030432,Attending,
B962349,23/03/2021,A1030438,Attending,
B962359,23/03/2021,A1030448,Attending,
B962362,23/03/2021,A1030451,Attending,
B962420,23/03/2021,A1030509,Attending,
B962427,23/03/2021,A1030516,Attending,
B962434,23/03/2021,A1030523,Attending,
B962436,23/03/2021,A1030525,Attending,
B962492,23/03/2021,A1030581,Attending,
B962554,23/03/2021,A1030643,Attending,
B962621,23/03/2021,A1030710,Attending,
B962656,24/03/2021,A1030745,Attending,
B962657,24/03/2021,A1030746,Attending,
B962754,24/03/2021,A1030844,Attending,
B962803,24/03/2021,A1030892,Attending,
B962840,24/03/2021,A1030930,Attending,
B963079,25/03/2021,A1031170,Attending,
B963143,25/03/2021,A1031234,Attending,
B963144,25/03/2021,A1031235,Attending,
B963149,25/03/2021,A1031240,Attending,
B963153,25/03/2021,A1031244,Attending,
B963155,25/03/2021,A1031246,Attending,
B963159,25/03/2021,A1031250,Attending,
B963165,25/03/2021,A1031256,Attending,
B963169,25/03/2021,A1031260,Attending,
B963174,25/03/2021,A1031265,Attending,
B963175,25/03/2021,A1031266,Attending,
B963189,25/03/2021,A1031280,Attending,
B963194,25/03/2021,A1031285,Attending,
B963217,25/03/2021,A1031308,Attending,
B963223,25/03/2021,A1031314,Attending,
B963250,25/03/2021,A1031341,Attending,
B963394,26/03/2021,A1031485,Attending,
B963412,26/03/2021,A1031503,Attending,
B963418,26/03/2021,A1031509,Attending,
B963441,26/03/2021,A1031532,Attending,
B963443,26/03/2021,A1031534,Attending,
B963489,26/03/2021,A1031580,Attending,
B963544,26/03/2021,A1031635,Attending,
B963592,26/03/2021,A1031683,Attending,
B963764,28/03/2021,A1031855,Attending,
B963863,29/03/2021,A1031954,Attending,
B963868,29/03/2021,A1031959,Attending,
B963901,29/03/2021,A1031992,Attending,
B963904,29/03/2021,A1031995,Attending,
B963911,29/03/2021,A1032002,Attending,
B963913,29/03/2021,A1032004,Attending,
B963936,29/03/2021,A1032027,Attending,
B963945,29/03/2021,A1032036,Attending,
B963956,29/03/2021,A1032047,Attending,
B963960,29/03/2021,A1032051,Attending,
B963969,29/03/2021,A1032060,Attending,
B963970,29/03/2021,A1032061,Attending,
B963972,29/03/2021,A1032063,Attending,
B963972,29/03/2021,A1032064,Attending,
B963975,29/03/2021,A1032067,Attending,
B963977,29/03/2021,A1032069,Attending,
B963978,29/03/2021,A1032070,Attending,
B963980,29/03/2021,A1032072,Attending,
B963981,29/03/2021,A1032073,Attending,
B963983,29/03/2021,A1032075,Attending,
B963984,29/03/2021,A1032076,Attending,
B963985,29/03/2021,A1032077,Attending,
B963987,29/03/2021,A1032079,Attending,
B963990,29/03/2021,A1032082,Attending,
B963996,29/03/2021,A1032088,Attending,
B963998,29/03/2021,A1032090,Attending,
B964004,29/03/2021,A1032096,Attending,
B964010,29/03/2021,A1032102,Attending,
B964011,29/03/2021,A1032103,Attending,
B964013,29/03/2021,A1032105,Attending,
B964014,29/03/2021,A1032106,Attending,
B964028,29/03/2021,A1032120,Attending,
B964035,29/03/2021,A1032128,Attending,
B964036,29/03/2021,A1032129,Attending,
B964039,29/03/2021,A1032132,Attending,
B964040,29/03/2021,A1032133,Attending,
B964044,29/03/2021,A1032137,Attending,
B964050,29/03/2021,A1032143,Attending,
B964078,29/03/2021,A1032171,Attending,
B964131,30/03/2021,A1032224,Attending,
B964146,30/03/2021,A1032239,Attending,
B964147,30/03/2021,A1032240,Attending,
B964150,30/03/2021,A1032243,Attending,
B964154,30/03/2021,A1032247,Attending,
B964155,30/03/2021,A1032248,Attending,
B964157,30/03/2021,A1032250,Attending,
B964161,30/03/2021,A1032254,Attending,
B964163,30/03/2021,A1032256,Attending,
B964169,30/03/2021,A1032262,Attending,
B964176,30/03/2021,A1032269,Attending,
B964191,30/03/2021,A1032284,Attending,
B964202,30/03/2021,A1032295,Attending,
B964207,30/03/2021,A1032300,Attending,
B964213,30/03/2021,A1032306,Attending,
B964219,30/03/2021,A1032312,Attending,
B964243,30/03/2021,A1032336,Attending,
B964255,30/03/2021,A1032348,Attending,
B964256,30/03/2021,A1032349,Attending,
B964384,31/03/2021,A1032477,Attending,
B964387,31/03/2021,A1032480,Attending,
B964388,31/03/2021,A1032481,Attending,
B964388,31/03/2021,A1032482,Cancelled,
B964396,31/03/2021,A1032491,Attending,
B964401,31/03/2021,A1032496,Attending,
B964422,31/03/2021,A1032517,Attending,
B964427,31/03/2021,A1032522,Attending,
B964435,31/03/2021,A1032530,Attending,
B964437,31/03/2021,A1032532,Attending,
B964440,31/03/2021,A1032535,Attending,
B964441,31/03/2021,A1032536,Attending,
B964442,31/03/2021,A1032537,Attending,
B964462,31/03/2021,A1032557,Attending,
B964473,31/03/2021,A1032568,Attending,
B964474,31/03/2021,A1032569,Attending,
B964480,31/03/2021,A1032575,Attending,
B964490,31/03/2021,A1032585,Attending,
B964514,31/03/2021,A1032609,Attending,
B964516,31/03/2021,A1032611,Attending,
B964534,31/03/2021,A1032629,Attending,
B964592,31/03/2021,A1032687,Attending,
B964669,01/04/2021,A1032764,Attending,
B964684,01/04/2021,A1032779,Attending,
B964687,01/04/2021,A1032782,Attending,
B965181,01/04/2021,A1033276,Attending,
B965927,05/04/2021,A1034028,Attending,
B965975,05/04/2021,A1034076,Attending,
B966038,06/04/2021,A1034139,Attending,
B966045,06/04/2021,A1034146,Cancelled,
B966054,06/04/2021,A1034155,Attending,
B966057,06/04/2021,A1034158,Attending,
B966059,06/04/2021,A1034160,Cancelled,
B966060,06/04/2021,A1034161,Attending,
B966061,06/04/2021,A1034162,Attending,
B966062,06/04/2021,A1034163,Attending,
B966066,06/04/2021,A1034167,Attending,
B966069,06/04/2021,A1034170,Attending,
B966071,06/04/2021,A1034172,Cancelled,
B966073,06/04/2021,A1034174,Attending,
B966075,06/04/2021,A1034176,Attending,
B966076,06/04/2021,A1034177,Attending,
B966078,06/04/2021,A1034179,Attending,
B966083,06/04/2021,A1034184,Attending,
B966085,06/04/2021,A1034186,Attending,
B966086,06/04/2021,A1034187,Attending,
B966087,06/04/2021,A1034188,Attending,
B966090,06/04/2021,A1034191,Attending,
B966092,06/04/2021,A1034193,Attending,
B966095,06/04/2021,A1034196,Attending,
B966098,06/04/2021,A1034199,Attending,
B966105,06/04/2021,A1034206,Attending,
B966119,06/04/2021,A1034220,Attending,
B966120,06/04/2021,A1034221,Attending,
B966123,06/04/2021,A1034224,Attending,
B966201,06/04/2021,A1034302,Attending,
B966320,07/04/2021,A1034424,Attending,
B966323,07/04/2021,A1034427,Attending,
B966341,07/04/2021,A1034445,Attending,
B966386,07/04/2021,A1034491,Attending,
B966387,07/04/2021,A1034492,Attending,
B966394,07/04/2021,A1034499,Attending,
B966513,08/04/2021,A1034618,Attending,
B966516,08/04/2021,A1034621,Attending,
B966518,08/04/2021,A1034623,Attending,
B966520,08/04/2021,A1034625,Attending,
B966534,08/04/2021,A1034639,Attending,
B966553,08/04/2021,A1034658,Attending,
B966558,08/04/2021,A1034663,Attending,
B966703,08/04/2021,A1034808,Attending,
B966788,08/04/2021,A1034893,Attending,
B966884,09/04/2021,A1034989,Attending,
B966885,09/04/2021,A1034990,Attending,
B966887,09/04/2021,A1034992,Attending,
B966888,09/04/2021,A1034993,Attending,
B966891,09/04/2021,A1034996,Attending,
B966920,09/04/2021,A1035025,Attending,
B967005,09/04/2021,A1035110,Attending,
B967120,09/04/2021,A1035226,Attending,
B967198,10/04/2021,A1035304,Attending,
B967441,12/04/2021,A1035547,Attending,
B967443,12/04/2021,A1035549,Attending,
B967444,12/04/2021,A1035550,Attending,
B967458,12/04/2021,A1035564,Attending,
B967459,12/04/2021,A1035565,Cancelled,
B967460,12/04/2021,A1035566,Cancelled,
B967469,12/04/2021,A1035575,Attending,
B967473,12/04/2021,A1035579,Attending,
B967501,12/04/2021,A1035607,Attending,
B967524,12/04/2021,A1035630,Attending,
B967559,12/04/2021,A1035665,Attending,
B967646,12/04/2021,A1035752,Attending,
B967665,12/04/2021,A1035771,Attending,
B967667,12/04/2021,A1035773,Attending,
B967720,12/04/2021,A1035826,Attending,
B967973,13/04/2021,A1036082,Attending,
B967985,13/04/2021,A1036094,Attending,
B968008,13/04/2021,A1036117,Attending,
B968010,13/04/2021,A1036119,Attending,
B968033,13/04/2021,A1036142,Attending,
B968085,13/04/2021,A1036194,Attending,
B968109,13/04/2021,A1036218,Attending,
B968142,13/04/2021,A1036251,Attending,
B968181,13/04/2021,A1036290,Attending,
B968183,13/04/2021,A1036292,Attending,
B968184,13/04/2021,A1036293,Attending,
B968192,13/04/2021,A1036301,Attending,
B968194,13/04/2021,A1036303,Attending,
B968225,13/04/2021,A1036334,Attending,
B968307,13/04/2021,A1036416,Attending,
B968394,14/04/2021,A1036503,Attending,
B968419,14/04/2021,A1036528,Attending,
B968443,14/04/2021,A1036552,Attending,
B968458,14/04/2021,A1036567,Attending,
B968461,14/04/2021,A1036570,Attending,
B968462,14/04/2021,A1036571,Cancelled,
B968463,14/04/2021,A1036572,Cancelled,
B968465,14/04/2021,A1036574,Cancelled,
B968467,14/04/2021,A1036576,Cancelled,
B968468,14/04/2021,A1036577,Attending,
B968471,14/04/2021,A1036580,Cancelled,
B968472,14/04/2021,A1036581,Cancelled,
B968474,14/04/2021,A1036583,Cancelled,
B968475,14/04/2021,A1036584,Cancelled,
B968476,14/04/2021,A1036585,Cancelled,
B968477,14/04/2021,A1036586,Cancelled,
B968478,14/04/2021,A1036587,Cancelled,
B968479,14/04/2021,A1036588,Cancelled,
B968480,14/04/2021,A1036589,Cancelled,
B968481,14/04/2021,A1036590,Cancelled,
B968483,14/04/2021,A1036592,Attending,
B968486,14/04/2021,A1036595,Attending,
B968523,14/04/2021,A1036632,Attending,
B968537,14/04/2021,A1036646,Attending,
B968832,15/04/2021,A1036942,Attending,
B968833,15/04/2021,A1036943,Attending,
B968835,15/04/2021,A1036945,Attending,
B968853,15/04/2021,A1036963,Attending,
B968857,15/04/2021,A1036967,Attending,
B968877,15/04/2021,A1036987,Attending,
B968938,15/04/2021,A1037049,Attending,
B968963,15/04/2021,A1037074,Attending,
B968963,15/04/2021,A1037075,Attending,
B968963,15/04/2021,A1037076,Attending,
B968968,15/04/2021,A1037081,Attending,
B969105,15/04/2021,A1037220,Attending,
B969114,15/04/2021,A1037229,Attending,
B969137,15/04/2021,A1037252,Attending,
B969140,15/04/2021,A1037255,Attending,
B969162,15/04/2021,A1037277,Attending,
B969367,16/04/2021,A1037483,Attending,
B969376,16/04/2021,A1037492,Attending,
B969422,16/04/2021,A1037538,Attending,
B969486,16/04/2021,A1037602,Attending,
B969663,16/04/2021,A1037779,Attending,
B969704,16/04/2021,A1037821,Attending,
B970058,16/04/2021,A1038178,Attending,
B970782,19/04/2021,A1038902,Attending,
B970869,19/04/2021,A1038989,Attending,
B970880,19/04/2021,A1039000,Attending,
B970995,19/04/2021,A1039115,Attending,
B971006,19/04/2021,A1039126,Attending,
B971056,19/04/2021,A1039176,Cancelled,
B971142,19/04/2021,A1039262,Attending,
B971165,19/04/2021,A1039285,Attending,
B971255,19/04/2021,A1039375,Attending,
B971324,19/04/2021,A1039444,Cancelled,
B971601,20/04/2021,A1039721,Attending,
B971655,20/04/2021,A1039775,Attending,
B971660,20/04/2021,A1039780,Attending,
B971706,20/04/2021,A1039826,Attending,
B971804,20/04/2021,A1039924,Cancelled,
B971834,20/04/2021,A1039954,Attending,
B971835,20/04/2021,A1039955,Attending,
B971843,20/04/2021,A1039963,Attending,
B971865,20/04/2021,A1039985,Attending,
B971901,20/04/2021,A1040021,Cancelled,
B971917,20/04/2021,A1040037,Attending,
B971978,20/04/2021,A1040098,Cancelled,
B971981,20/04/2021,A1040101,Attending,
B971985,20/04/2021,A1040105,Attending,
B971988,20/04/2021,A1040108,Attending,
B972025,20/04/2021,A1040145,Attending,
B972088,20/04/2021,A1040208,Attending,
B972099,20/04/2021,A1040219,Attending,
B972145,20/04/2021,A1040265,Attending,
B972392,21/04/2021,A1040512,Attending,
B972398,21/04/2021,A1040518,Attending,
B972421,21/04/2021,A1040541,Attending,
B972450,21/04/2021,A1040570,Attending,
B972455,21/04/2021,A1040575,Attending,
B972494,21/04/2021,A1040614,Attending,
B972497,21/04/2021,A1040617,Attending,
B972499,21/04/2021,A1040619,Attending,
B972565,21/04/2021,A1040685,Attending,
B972566,21/04/2021,A1040686,Attending,
B972584,21/04/2021,A1040705,Attending,
B972649,21/04/2021,A1040770,Attending,
B972649,21/04/2021,A1040771,Attending,
B972649,21/04/2021,A1040772,Attending,
B972649,21/04/2021,A1040773,Attending,
B972649,21/04/2021,A1040774,Attending,
B972649,21/04/2021,A1040775,Attending,
B972649,21/04/2021,A1040776,Attending,
B972671,21/04/2021,A1040798,Attending,
B972713,21/04/2021,A1040840,Attending,
B972720,21/04/2021,A1040847,Attending,
B972783,21/04/2021,A1040910,Attending,
B972833,21/04/2021,A1040960,Attending,
B972841,21/04/2021,A1040968,Attending,
B972841,21/04/2021,A1040969,Attending,
B972866,21/04/2021,A1040994,Attending,
B972868,21/04/2021,A1040996,Attending,
B972872,21/04/2021,A1041000,Attending,
B972872,21/04/2021,A1041001,Attending,
B973097,22/04/2021,A1041226,Attending,
B973115,22/04/2021,A1041244,Attending,
